﻿{
    "fields": {
        "website": {
            "collapsible":true,
            "collapsed": true,
            "fields": {
                "sslftp": {
                    "type": "select",
                    "optionLabels": [
                        "0 - FTP (plain old FTP)",
                        "1 - Use SSL/TLS for FTP (FTPS)",
                        "2 - Use SSH for FTP (SFTP)"
                    ],
                    "removeDefaultNone": true,
                    "helper": "Select the protcol required by your web hoster"
                },
                "password": {
                    "type": "password"
                }
            }
        },
        "websettings": {
            "collapsible":true,
            "collapsed": true,
            "fields": {
                "autoupdate": {
                    "rightLabel": "Auto update"
                },
                "includestdfiles": {
                    "rightLabel": "Include standard files",
                    "helper": "Select this to have the standard web site files uploaded"
                },
                "includegraphdatafiles": {
                    "rightLabel": "Include graph data files",
                    "helper": "Select this to have the graph data files uploaded"
                },
                "includemoonimage": {
                    "rightLabel": "Include Moon image file",
                    "helper": "Select this to have the Moon image file uploaded - you must enable the image file generation below"
                },
                "activeftp": {
                    "rightLabel": "Active FTP mode",
                    "helper": "Not normally required - use with caution"
                },
                "ftprename": {
                    "rightLabel": "FTP rename",
                    "helper": "Use this if your FTP server supports it (most do)"
                },
                "ftpdelete": {
                    "rightLabel": "Delete before upload",
                    "helper": "Use this only if your FTP server requires it (most do not)"
                },
                "utf8encode": {
                    "rightLabel": "UTF-8 encoding",
                    "helper": "Use UTF-8 encoding for the standard files"
                },
                "ftplogging": {
                    "rightLabel": "FTP logging",
                    "helper": "Log FTP activity to ftplog.txt for diagnostic purposes"
                },
                "updateinterval": {
                    "helper": "Interval between web page updates in minutes"
                },
                "enablerealtime": {
                    "rightLabel": "Enable Realtime",
                    "helper": "Start the realtime timer so that realtime actions can take place"
                },
                "enablerealtimeftp": {
                    "rightLabel": "Enable realtime FTP",
                    "helper": "Establish the realtime FTP connection so that FTP uploads can take place at the realtime interval"
                },
                "realtimetxtftp": {
                    "rightLabel": "Realtime.txt FTP",
                    "helper": "FTP the realtime.txt file at the realtime interval. Cumulus MX does not use this file itself"
                },
                "realtimegaugestxtftp": {
                    "rightLabel": "Realtimegauges.txt FTP",
                    "helper": "FTP the realtimegauges.txt file at the realtime interval. Cumulus MX uses this for the SteelSeries gauges"
                },
                "realtimeinterval": {
                    "helper": "Interval between realtime updates in seconds"
                }
            }
        },
        "externalprograms": {
            "collapsible":true,
            "collapsed": true,
            "fields": {
                "program": {
                    "helper": "A program or command to be run at each web update interval"
                },
                "programparams": {
                    "helper": "Parameters for the above program or command"
                },
                "realtimeprogram": {
                    "helper": "A program or command to be run at each realtime interval"
                },
                "realtimeprogramparams": {
                    "helper": "Parameters for the above program or command"
                },
                "dailyprogram": {
                    "helper": "A program or command to be run at the start of each day"
                },
                "dailyprogramparams": {
                    "helper": "Parameters for the above program or command"
                }
            }
        },
        "twitter": {
            "collapsible":true,
            "collapsed": true,
            "fields": {
                "enabled": {
                    "rightLabel": "Enabled"
                },
                "sendlocation": {
                    "rightLabel": "Send location",
                    "helper": "Send your location with each update"
                },
                "password": {
                    "type": "password"
                },
                "interval": {
                    "helper":  "Interval between updates in minutes"
                }
            }
        },
        "wunderground": {
            "collapsible":true,
            "collapsed": true,
            "fields": {
                "enabled": {
                    "rightLabel": "Enabled"
                },
                "includeindoor": {
                    "rightLabel": "Include indoor data",
                    "helper": "Include indoor temperature and humidity in the update"
                },
                "includeuv": {
                    "rightLabel": "Include UV",
                    "helper": "Include UV index in the update"
                },
                "includesolar": {
                    "rightLabel": "Include solar radiation",
                    "helper": "Include the solar radiation reading in the update"
                },
                "rapidfire": {
                    "rightLabel": "Use Rapid Fire"
                },
                "sendavgwind": {
                    "rightLabel": "Send average wind speed",
                    "helper": "Send the average wind speed for the current speed"
                },
                "catchup": {
                    "rightLabel": "Catch up",
                    "helper": "When Cumulus starts, send each entry read from the station logger"
                },
                "interval": {
                    "helper": "Interval in minutes between updates. Not used if rapid fire is enabled (5 seconds is used)"
                },
                "password": {
                    "type": "password"
                }
            }
        },
        "windy": {
            "collapsible":true,
            "collapsed": true,
            "fields": {
                "enabled": {
                    "rightLabel": "Enabled"
                },
                "includeuv": {
                    "rightLabel": "Include UV",
                    "helper": "Include UV index in the update"
                },
                "catchup": {
                    "rightLabel": "Catch up",
                    "helper": "When Cumulus starts, send each entry read from the station logger"
                },
                "interval": {
                    "helper": "Interval in minutes between updates (min value = 5)."
                },
                "apikey": {
                    "helper": "This is a very long string and is used for all your Windy.com stations"
                },
                "stationidx": {
                    "helper": "Defines which station to upload to. The first station you define is 0 (default), the next 1 etc."
                }
            }
        },
        "pwsweather": {
            "collapsible":true,
            "collapsed": true,
            "fields": {
                "enabled": {
                    "rightLabel": "Enabled"
                },
                "includeuv": {
                    "rightLabel": "Include UV",
                    "helper": "Include UV index in the update"
                },
                "includesolar": {
                    "rightLabel": "Include solar radiation",
                    "helper": "Include the solar radiation reading in the update"
                },
                "catchup": {
                    "rightLabel": "Catch up",
                    "helper": "When Cumulus starts, send each entry read from the station logger"
                },
                "password": {
                    "type": "password"
                },
                "interval": {
                    "helper":  "Interval between updates in minutes"
                }
            }
        },
        "wow": {
            "collapsible":true,
            "collapsed": true,
            "fields": {
                "enabled": {
                    "rightLabel": "Enabled"
                },
                "includeuv": {
                    "rightLabel": "Include UV",
                    "helper": "Include UV index in the update"
                },
                "includesolar": {
                    "rightLabel": "Include solar radiation",
                    "helper": "Include the solar radiation reading in the update"
                },
                "catchup": {
                    "rightLabel": "Catch up",
                    "helper": "When Cumulus starts, send each entry read from the station logger"
                },
                "password": {
                    "type": "password"
                },
                "interval": {
                    "helper":  "Interval between updates in minutes"
                }
            }
        },
        "weatherbug": {
            "collapsible":true,
            "collapsed": true,
            "fields": {
                "enabled": {
                    "rightLabel": "Enabled"
                },
                "includeuv": {
                    "rightLabel": "Include UV",
                    "helper": "Include UV index in the update"
                },
                "includesolar": {
                    "rightLabel": "Include solar radiation",
                    "helper": "Include the solar radiation reading in the update"
                },
                "catchup": {
                    "rightLabel": "Catch up",
                    "helper": "When Cumulus starts, send each entry read from the station logger"
                },
                "password": {
                    "type": "password"
                },
                "interval": {
                    "helper":  "Interval between updates in minutes"
                }
            }
        },
        "cwop": {
            "collapsible":true,
            "collapsed": true,
            "fields": {
                "enabled": {
                    "rightLabel": "Enabled"
                },
                "includesolar": {
                    "rightLabel": "Include solar radiation",
                    "helper": "Include the solar radiation reading in the update"
                },
                "password": {
                    "helper":  "Leave at -1 unless you are using an amateur radio callsign"
                }
            }
        },
        "awekas": {
            "collapsible":true,
            "collapsed": true,
            "fields": {
                "enabled": {
                    "rightLabel": "Enabled"
                },
                "includeuv": {
                    "rightLabel": "Include UV",
                    "helper": "Include UV index in the update"
                },
                "includesolar": {
                    "rightLabel": "Include solar radiation",
                    "helper": "Include the solar radiation reading in the update"
                },
                "includesoiltemp": {
                    "rightLabel": "Include soil temp",
                    "helper": "Include soil temperature in the update"
                },
                "lang": {
                    "helper": "One of fr/de/en/it/nl"
                },
                "interval": {
                    "helper": "Update interval in minutes"
                },
                "password": {
                    "type": "password"
                }
            }
        },
        "weathercloud": {
            "collapsible":true,
            "collapsed": true,
            "fields": {
                "enabled": {
                    "rightLabel": "Enabled"
                },
                "includeuv": {
                    "rightLabel": "Include UV",
                    "helper": "Include UV index in the update"
                },
                "includesolar": {
                    "rightLabel": "Include solar radiation",
                    "helper": "Include the solar radiation reading in the update"
                }
            }
        },
        "mqtt": {
            "collapsible":true,
            "collapsed": true,
            "fields": {
                "server": {
                    "helper": "Your MQTT Server network name or IP address"
                },
                "port": {
                    "helper": "Your MQTT server port (default 1883)"
                },
                "useTls": {
                    "rightLabel": "Use TLS",
                    "helper": "Enable TLS support, currently special certificates are not supported"
                },
                "username": {
                    "helper": "Enter your MQTT server username - if required"
                },
                "password": {
                    "helper": "Enter your MQTT server password - if required"
                },
                "dataUpdate": {
                    "collapsed": true,
                    "fields": {
                        "enabled": {
                            "rightLabel": "Enabled"
                        },
                        "topic": {
                            "helper": "Enter the topic name for these messages"
                        },
                        "template": {
                            "helper": "Specify the name of the template file in the /mqtt folder to format the content of these messages"
                        }
                    }
                },
                "interval": {
                    "collapsed": true,
                    "fields": {
                        "enabled": {
                            "rightLabel": "Enabled"
                        },
                        "time": {
                            "helper": "Enter the time in seconds between sending messages"
                        },
                        "topic": {
                            "helper": "Enter the topic name for these messages"
                        },
                        "template": {
                            "helper": "Specify the name of the template file in the /mqtt folder to format the content of these messages"
                        }
                    }
                }
            }
        },
        "moonimage" :{
            "collapsible":true,
            "collapsed":true,
            "fields": {
                "enabled": {
                    "rightLabel": "Generate Moon image",
                    "helper": "Generate a Moon image file '/web/moon.png' every hour"
                },
               "size": {
                    "helper": "Set the image size in pixels"
                },
                "ftpdest": {
                    "helper": "Set the folder and filename to use on your FTP server - if enabled above - default 'images/moon.png'"
                }
            }
        },
        "proxies": {
            "collapsible":true,
            "collapsed": true
        },
        "customhttp": {
            "collapsible":true,
            "collapsed": true,
            "fields": {
                "customseconds": {
                    "collapsible":true,
                    "collapsed": false,
                    "helper": "A custom HTTP URL to be invoked at an interval in seconds - can include webtags",
                    "fields": {
                        "enabled": {
                            "rightLabel": "Enabled"
                        }
                    }
                },
                "customminutes": {
                    "collapsible":true,
                    "collapsed": false,
                    "helper": "A custom HTTP URL to be invoked at an interval in minutes - can include webtags",
                    "fields": {
                        "enabled": {
                            "rightLabel": "Enabled"
                        },
                        "intervalindex": {
                            "optionLabels": [
                                "1 minute",
                                "2 minutes",
                                "3 minutes",
                                "4 minutes",
                                "5 minutes",
                                "6 minutes",
                                "10 minutes",
                                "12 minutes",
                                "15 minutes",
                                "20 minutes",
                                "30 minutes",
                                "60 minutes"
                            ],
                            "removeDefaultNone": true
                        }
                    }
                },
                "customrollover": {
                    "collapsible":true,
                    "collapsed": false,
                    "helper": "A custom HTTP URL to be invoked just before end of day rollover - can include webtags",
                    "fields": {
                        "enabled": {
                            "rightLabel": "Enabled"
                        }
                    }
                }
            }
        }
    }
}