﻿{
    "fields": {
        "monthly": {
            "collapsed": true,
            "fields": {
                "enabled": {
                    "rightLabel": "Enabled"
                }
            }
        },
        "realtime": {
            "collapsed": true,
            "fields": {
                "enabled": {
                    "rightLabel": "Enabled"
                }
            }
        },
        "dayfile": {
            "collapsed": true,
            "fields": {
                "enabled": {
                    "rightLabel": "Enabled"
                }
            }
        },
        "customseconds": {
            "collapsed": true,
            "helper": "A custom SQL command to be executed at an interval in seconds - can include webtags",
            "fields": {
                "enabled": {
                    "rightLabel": "Enabled"
                }
            }
        },
        "customminutes": {
            "collapsed": true,
            "helper": "A custom SQL command to be executed at an interval in minutes - can include webtags",
            "fields": {
                "enabled": {
                    "rightLabel": "Enabled"
                },
                "intervalindex": {
                    "optionLabels": [
                        "1 minute",
                        "2 minutes",
                        "3 minutes",
                        "4 minutes",
                        "5 minutes",
                        "6 minutes",
                        "10 minutes",
                        "12 minutes",
                        "15 minutes",
                        "20 minutes",
                        "30 minutes",
                        "60 minutes"
                    ],
                    "removeDefaultNone": true
                }
            }
        },
        "customrollover": {
            "collapsed": true,
            "helper": "A custom SQL command to be executed just before end of day rollover - can include webtags",
            "fields": {
                "enabled": {
                    "rightLabel": "Enabled"
                }
            }
        }
    }
}
