﻿{
    "fields": {
        "timeformat": {
            "removeDefaultNone": "true",
            "optionLabels": [
                "12 Hour",
                "24 Hour"
            ]
        },
        "utf8": {
            "rightLabel": "Use UTF-8 encoding"
        },
        "autosave": {
            "rightLabel": "Auto save after daily reset"
        },
        "autoftp": {
            "rightLabel": "Auto FTP after auto save"
        },
        "normalmeantemps": {
            "collapsed": "true"
        },
        "normalrain": {
            "collapsed": "true"
        }
    }
}