﻿{
    "type": "object",
    "properties": {
        "sitename": {
            "title": "Site name"
        },
        "city": {
            "title": "City"
        },
        "state": {
            "title": "State"
        },
        "timeformat": {
            "title": "Time format",
            "type": "integer",
            "enum": [
                0,
                1
            ]
        },
        "monthfileformat": {
            "title": "Monthly filename format"
        },
        "yearfileformat": {
            "title": "Yearly filename format"
        },
        "utf8": {
            "type": "boolean"
        },
        "autosave": {
            "type": "boolean"
        },
        "autoftp": {
            "type": "boolean"
        },
        "ftpdirectory": {
            "title": "FTP directory"
        },
        "heatingthreshold": {
            "title": "Heating threshold",
            "type": "number"
        },
        "coolingthreshold": {
            "title": "Cooling threshold",
            "type": "number"
        },
        "maxtempcomp1": {
            "title": "Max temp comparison 1",
            "type": "number"
        },
        "maxtempcomp2": {
            "title": "Max temp comparison 2",
            "type": "number"
        },
        "mintempcomp1": {
            "title": "Min temp comparison 1",
            "type": "number"
        },
        "mintempcomp2": {
            "title": "Min temp comparison 2",
            "type": "number"
        },
        "raincomp1": {
            "title": "Rain comparison 1",
            "type": "number"
        },
        "raincomp2": {
            "title": "Rain comparison 2",
            "type": "number"
        },
        "raincomp3": {
            "title": "Rain comparison 3",
            "type": "number"
        },
        "normalmeantemps": {
            "type": "object",
            "title": "Normal Mean Temperatures",
            "properties": {
                "jan": {
                    "title": "Jan",
                    "type": "number"
                },
                "feb": {
                    "title": "Feb",
                    "type": "number"
                },
                "mar": {
                    "title": "Mar",
                    "type": "number"
                },
                "apr": {
                    "title": "Apr",
                    "type": "number"
                },
                "may": {
                    "title": "May",
                    "type": "number"
                },
                "jun": {
                    "title": "Jun",
                    "type": "number"
                },
                "jul": {
                    "title": "Jul",
                    "type": "number"
                },
                "aug": {
                    "title": "Aug",
                    "type": "number"
                },
                "sep": {
                    "title": "Sep",
                    "type": "number"
                },
                "oct": {
                    "title": "Oct",
                    "type": "number"
                },
                "nov": {
                    "title": "Nov",
                    "type": "number"
                },
                "dec": {
                    "title": "Dec",
                    "type": "number"
                }
            }
        },
        "normalrain": {
            "type": "object",
            "title": "Normal Precipitation",
            "properties": {
                "jan": {
                    "title": "Jan",
                    "type": "number"
                },
                "feb": {
                    "title": "Feb",
                    "type": "number"
                },
                "mar": {
                    "title": "Mar",
                    "type": "number"
                },
                "apr": {
                    "title": "Apr",
                    "type": "number"
                },
                "may": {
                    "title": "May",
                    "type": "number"
                },
                "jun": {
                    "title": "Jun",
                    "type": "number"
                },
                "jul": {
                    "title": "Jul",
                    "type": "number"
                },
                "aug": {
                    "title": "Aug",
                    "type": "number"
                },
                "sep": {
                    "title": "Sep",
                    "type": "number"
                },
                "oct": {
                    "title": "Oct",
                    "type": "number"
                },
                "nov": {
                    "title": "Nov",
                    "type": "number"
                },
                "dec": {
                    "title": "Dec",
                    "type": "number"
                }
            }
        }
    }
}