﻿{
    "fields": {
        "stationtype": {
            "optionLabels": [
                "Undefined",
                "Davis Vantage Pro",
                "Davis Vantage Pro2/Vue",
                "Oregon Scientific WMR-928",
                "Oregon Scientific WM-918",
                "EasyWeather",
                "Fine Offset",
                "LaCrosse WS2300",
                "Fine Offset with Solar Sensors",
                "Oregon Scientific WMR100",
                "Oregon Scientific WMR200",
                "Instromet",
                "Davis WeatherLink Live",
                "Ecowitt GW1000"
            ],
            "removeDefaultNone": true
        },
        "units": {
            "fields": {
                "wind": {
                    "type": "select",
                    "removeDefaultNone": true,
                    "optionLabels": [
                        "m/s",
                        "mph",
                        "km/h",
                        "kts"
                    ]
                },
                "pressure": {
                    "type": "select",
                    "removeDefaultNone": true,
                    "optionLabels": [
                        "mb",
                        "hPa",
                        "inHg"
                    ]
                },
                "temp": {
                    "type": "select",
                    "removeDefaultNone": true,
                    "optionLabels": [
                        "C",
                        "F"
                    ]
                },
                "rain": {
                    "type": "select",
                    "removeDefaultNone": true,
                    "optionLabels": [
                        "mm",
                        "in"
                    ]
                }
            },
            "helper": "DO NOT change units after you have chosen them for the first time!"
        },
        "davisconn": {
            "fields": {
                "conntype": {
                    "optionLabels": [
                        "Serial",
                        "TCP/IP"
                    ],
                    "removeDefaultNone": true
                },
                "tcpsettings": {
                    "fields": {
                        "ipaddress": {
                            "type": "ipv4"
                        }
                    }
                }
            }
        },
        "comportname": {
            "helper": "Only required if your station is connected via a serial port (real or virtual)"
        },
        "daviswll": {
            "collapsed": true,
            "fields": {
                "network": {
                    "fields": {
                        "autoDiscover": {
                            "rightLabel": "Auto-Discovery",
                            "helper": "Enable auto-discovery of your WLL devices IP address - do not enable if you have more than one device"
                        }
                    }
                },
                "api": {
                    "collapsed": true,
                    "fields": {
                        "apiKey": {
                            "helper": "Enter your WeatherLink.com APIv2 key"
                        },
                        "apiSecret": {
                            "helper": "Enter your WeatherLink.com APIv2 secret"
                        },
                        "apiStationId": {
                            "helper": "Enter the station id used for your WLL device in the WeatherLink.com APIv2, OR if you do not know this, leave this field blank and Cumulus will attempt to discover it for you"
                        }
                    }
                },
                "primary": {
                    "collapsed": true,
                    "fields": {
                        "wind": {
                            "type": "select",
                            "removeDefaultNone": true,
                            "optionLabels": ["1", "2", "3", "4", "5", "6", "7","8"],
                            "helper": "Select the ISS transmitter ID for your Wind sensor"
                        },
                        "temphum": {
                            "type": "select",
                            "removeDefaultNone": true,
                            "optionLabels": ["1", "2", "3", "4", "5", "6", "7","8"],
                            "helper": "Select the ISS transmitter ID for your Temperature/Humidity sensor"
                        },
                        "rain": {
                            "type": "select",
                            "removeDefaultNone": true,
                            "optionLabels": ["1", "2", "3", "4", "5", "6", "7","8"],
                            "helper": "Select the ISS transmitter ID for your Rain sensor"
                        },
                        "solar": {
                            "type": "select",
                            "removeDefaultNone": true,
                            "optionLabels": ["None", "1", "2", "3", "4", "5", "6", "7","8"],
                            "helper": "Optional: Select the ISS transmitter ID for your Solar sensor"
                        },
                        "uv": {
                            "type": "select",
                            "removeDefaultNone": true,
                            "optionLabels": ["None", "1", "2", "3", "4", "5", "6", "7","8"],
                            "helper": "Optional: Select the ISS transmitter ID for your UV sensor"
                        }
                    }
                },
                "soilLeaf": {
                    "collapsed": true,
                    "fields": {
                        "extraSoilTemp": {
                            "collapsed": true,
                            "fields": {
                                "soilTempTx1": {
                                    "type": "select",
                                    "removeDefaultNone": true,
                                    "optionLabels": ["None", "1", "2", "3", "4", "5", "6", "7","8"],
                                    "helper": "Optional: Select the transmitter ID for your extra temperature sensor #1"
                                },
                                "soilTempIdx1": {
                                    "type": "select",
                                    "removeDefaultNone": true,
                                    "optionLabels": ["1", "2", "3", "4"],
                                    "helper": "Optional: Select the index within the transmitter ID for your extra temperature sensor #1"
                                },
                                "soilTempTx2": {
                                    "type": "select",
                                    "removeDefaultNone": true,
                                    "optionLabels": ["None", "1", "2", "3", "4", "5", "6", "7","8"],
                                    "helper": "Optional: Select the transmitter ID for your extra temperature sensor #2"
                                },
                                "soilTtempIdx2": {
                                    "type": "select",
                                    "removeDefaultNone": true,
                                    "optionLabels": ["1", "2", "3", "4"],
                                    "helper": "Optional: Select the index within the transmitter ID for your extra temperature sensor #2"
                                },
                                "soilTempTx3": {
                                    "type": "select",
                                    "removeDefaultNone": true,
                                    "optionLabels": ["None", "1", "2", "3", "4", "5", "6", "7","8"],
                                    "helper": "Optional: Select the transmitter ID for your extra temperature sensor #3"
                                },
                                "soilTempIdx3": {
                                    "type": "select",
                                    "removeDefaultNone": true,
                                    "optionLabels": ["1", "2", "3", "4"],
                                    "helper": "Optional: Select the index within the transmitter ID for your extra temperature sensor #3"
                                },
                                "soilTempTx4": {
                                    "type": "select",
                                    "removeDefaultNone": true,
                                    "optionLabels": ["None", "1", "2", "3", "4", "5", "6", "7","8"],
                                    "helper": "Optional: Select the transmitter ID for your extra temperature sensor #4"
                                },
                                "soilTempIdx4": {
                                    "type": "select",
                                    "removeDefaultNone": true,
                                    "optionLabels": ["1", "2", "3", "4"],
                                    "helper": "Optional: Select the index within the transmitter ID for your extra temperature sensor #4"
                                }
                            }
                        },
                        "extraSoilMoist": {
                            "collapsed": true,
                            "fields": {
                                "soilMoistTx1": {
                                    "type": "select",
                                    "removeDefaultNone": true,
                                    "optionLabels": ["None", "1", "2", "3", "4", "5", "6", "7","8"],
                                    "helper": "Optional: Select the transmitter ID for your extra soil moisture sensor #1"
                                },
                                "soilMoistIdx1": {
                                    "type": "select",
                                    "removeDefaultNone": true,
                                    "optionLabels": ["1", "2", "3", "4"],
                                    "helper": "Optional: Select the index within the transmitter ID for your extra soil moisture sensor #1"
                                },
                                "soilMoistTx2": {
                                    "type": "select",
                                    "removeDefaultNone": true,
                                    "optionLabels": ["None", "1", "2", "3", "4", "5", "6", "7","8"],
                                    "helper": "Optional: Select the transmitter ID for your extra soil moisture sensor #2"
                                },
                                "soilMoistIdx2": {
                                    "type": "select",
                                    "removeDefaultNone": true,
                                    "optionLabels": ["1", "2", "3", "4"],
                                    "helper": "Optional: Select the index within the transmitter ID for your soil moisture leaf sensor #2"
                                },
                                "soilMoistTx3": {
                                    "type": "select",
                                    "removeDefaultNone": true,
                                    "optionLabels": ["None", "1", "2", "3", "4", "5", "6", "7","8"],
                                    "helper": "Optional: Select the transmitter ID for your extra soil moisture sensor #3"
                                },
                                "soilMoistIdx3": {
                                    "type": "select",
                                    "removeDefaultNone": true,
                                    "optionLabels": ["1", "2", "3", "4"],
                                    "helper": "Optional: Select the index within the transmitter ID for your soil moisture leaf sensor #3"
                                },
                                "soilMoistTx4": {
                                    "type": "select",
                                    "removeDefaultNone": true,
                                    "optionLabels": ["None", "1", "2", "3", "4", "5", "6", "7","8"],
                                    "helper": "Optional: Select the transmitter ID for your soil moisture leaf sensor #4"
                                },
                                "soilMoistIdx4": {
                                    "type": "select",
                                    "removeDefaultNone": true,
                                    "optionLabels": ["1", "2", "3", "4"],
                                    "helper": "Optional: Select the index within the transmitter ID for your extra soil moisture sensor #4"
                                }
                            }
                        },
                        "extraLeaf": {
                            "collapsed": true,
                            "fields": {
                                "leafTx1": {
                                    "type": "select",
                                    "removeDefaultNone": true,
                                    "optionLabels": ["None", "1", "2", "3", "4", "5", "6", "7","8"],
                                    "helper": "Optional: Select the transmitter ID for your extra leaf sensor #1"
                                },
                                "leafIdx1": {
                                    "type": "select",
                                    "removeDefaultNone": true,
                                    "optionLabels": ["1", "2"],
                                    "helper": "Optional: Select the index within the transmitter ID for your extra leaf sensor #1"
                                },
                                "leafTx2": {
                                    "type": "select",
                                    "removeDefaultNone": true,
                                    "optionLabels": ["None", "1", "2", "3", "4", "5", "6", "7","8"],
                                    "helper": "Optional: Select the transmitter ID for your extra leaf sensor #2"
                                },
                                "leafIdx2": {
                                    "type": "select",
                                    "removeDefaultNone": true,
                                    "optionLabels": ["1", "2"],
                                    "helper": "Optional: Select the index within the transmitter ID for your extra leaf sensor #2"
                                }
                            }
                        }
                    }
                },
                "extraTemp": {
                    "collapsed": true,
                    "fields": {
                        "extraTempTx1": {
                            "type": "select",
                            "removeDefaultNone": true,
                            "optionLabels": ["None", "1", "2", "3", "4", "5", "6", "7","8"],
                            "helper": "Optional: Select the transmitter ID for your extra temperature/humidity sensor #1"
                        },
                        "extraHumTx1": {
                            "rightLabel": "Also has a humidity sensor?",
                            "helper": "Is sensor #1 a combined temperature/humidity sensor?"
                        },
                        "extraTempTx2": {
                            "type": "select",
                            "removeDefaultNone": true,
                            "optionLabels": ["None", "1", "2", "3", "4", "5", "6", "7","8"],
                            "helper": "Optional: Select the transmitter ID for your extra temperature/humidity sensor #2"
                        },
                        "extraHumTx2": {
                            "rightLabel": "Also has a humidity sensor?",
                            "helper": "Is sensor #1 a combined temperature/humidity sensor?"
                        },
                        "extraTempTx3": {
                            "type": "select",
                            "removeDefaultNone": true,
                            "optionLabels": ["None", "1", "2", "3", "4", "5", "6", "7","8"],
                            "helper": "Optional: Select the transmitter ID for your extra temperature/humidity sensor #3"
                        },
                        "extraHumTx3": {
                            "rightLabel": "Also has a humidity sensor?",
                            "helper": "Is sensor #1 a combined temperature/humidity sensor?"
                        },
                        "extraTempTx4": {
                            "type": "select",
                            "removeDefaultNone": true,
                            "optionLabels": ["None", "1", "2", "3", "4", "5", "6", "7","8"],
                            "helper": "Optional: Select the transmitter ID for your extra temperature/humidity sensor #4"
                        },
                        "extraHumTx4": {
                            "rightLabel": "Also has a humidity sensor?",
                            "helper": "Is sensor #1 a combined temperature/humidity sensor?"
                        },
                        "extraTempTx5": {
                            "type": "select",
                            "removeDefaultNone": true,
                            "optionLabels": ["None", "1", "2", "3", "4", "5", "6", "7","8"],
                            "helper": "Optional: Select the transmitter ID for your extra temperature/humidity sensor #5"
                        },
                        "extraHumTx5": {
                            "rightLabel": "Also has a humidity sensor?",
                            "helper": "Is sensor #1 a combined temperature/humidity sensor?"
                        },
                        "extraTempTx6": {
                            "type": "select",
                            "removeDefaultNone": true,
                            "optionLabels": ["None", "1", "2", "3", "4", "5", "6", "7","8"],
                            "helper": "Optional: Select the transmitter ID for your extra temperature/humidity sensor #6"
                        },
                        "extraHumTx6": {
                            "rightLabel": "Also has a humidity sensor?",
                            "helper": "Is sensor #1 a combined temperature/humidity sensor?"
                        },
                        "extraTempTx7": {
                            "type": "select",
                            "removeDefaultNone": true,
                            "optionLabels": ["None", "1", "2", "3", "4", "5", "6", "7","8"],
                            "helper": "Optional: Select the transmitter ID for your extra temperature/humidity sensor #7"
                        },
                        "extraHumTx7": {
                            "rightLabel": "Also has a humidity sensor?",
                            "helper": "Is sensor #1 a combined temperature/humidity sensor?"
                        },
                        "extraTempTx8": {
                            "type": "select",
                            "removeDefaultNone": true,
                            "optionLabels": ["None", "1", "2", "3", "4", "5", "6", "7","8"],
                            "helper": "Optional: Select the transmitter ID for your extra temperature/humidity sensor #8"
                        },
                        "extraHumTx8": {
                            "rightLabel": "Also has a humidity sensor?",
                            "helper": "Is sensor #1 a combined temperature/humidity sensor?"
                        }
                    }
                }
            }
        },
        "gw1000": {
            "collapsed": true,
            "fields": {
                "autoDiscover": {
                    "rightLabel": "Auto-Discovery",
                    "helper": "Enable auto-discovery of your GW1000 devices IP address - do not enable if you have more than one device"
                },
                "ipaddress": {
                    "type": "ipv4"
                }
            }
        },
        "loginterval": {
            "optionLabels": [
                "1 minute",
                "5 minutes",
                "10 minutes",
                "15 minutes",
                "20 minutes",
                "30 minutes"
            ],
            "removeDefaultNone": true,
            "helper": "Frequency of Cumulus log entries - set your station to the same"
        },
        "logrollover": {
            "fields": {
                "time": {
                    "removeDefaultNone": true
                },
                "summer10am": {
                    "dependencies": {
                        "time": "9am"
                    },
                    "rightLabel": "Use 10am in Summer"
                }
            }
        },
        "Location": {
            "collapsed": true,
            "fields": {
                "Latitude": {
                    "collapsed": true,
                    "fields": {
                        "hemisphere": {
                            "type": "radio",
                            "helper": "Is the station North or South of the equator?"
                        }
                    }
                },
                "Longitude": {
                    "collapsed": true,
                    "fields": {
                        "hemisphere": {
                            "type": "radio",
                            "helper": "Is the station East or West of the Prime Meridian (Greenwich)?"
                        }
                    }
                },
                "sitename": {
                    "type": "text",
                    "helper": "A short name for the location"
                },
                "description": {
                    "type": "text",
                    "helper": "A longer description of the location"
                }
            }
        },
        "Options": {
            "collapsed": true,
            "fields": {
                "usezerobearing": {
                    "rightLabel": "Use bearing zero when calm",
                    "helper": "Use zero for current bearing if speed is zero"
                },
                "calcwindaverage": {
                    "rightLabel": "Calculate average wind speed",
                    "helper": "Use Cumulus value instead of station"
                },
                "usespeedforavg": {
                    "rightLabel": "Use speed for average calculation",
                    "helper": "Use station 'speed' in calculation instead of 'latest' as latter may be a gust figure"
                },
                "use100for98hum": {
                    "rightLabel": "Use 100% for 98% humidity",
                    "helper": "For stations which don't go above 98%"
                },
                "calculatedewpoint": {
                    "rightLabel": "Calculate dew point",
                    "helper": "Use Cumulus value instead of station"
                },
                "calculatewindchill": {
                    "rightLabel": "Calculate wind chill",
                    "helper": "Use Cumulus value instead of station"
                },
                "syncstationclock": {
                    "rightLabel": "Synchronise station clock",
                    "helper": "Keep station clock in line with computer clock (Davis/Instromet only)"
                },
                "cumuluspresstrendnames": {
                    "rightLabel": "Cumulus pressure trend names",
                    "helper": "Use Cumulus names for pressure trends instead of station"
                },
                "vp1minbarupdate": {
                    "rightLabel": "Davis VP 1-minute barometer update",
                    "helper": "Force older Vantage Pro and Pro2 barometer to update once a minute instead of the default 15 minutes"
                },
                "roundwindspeeds": {
                    "rightLabel": "Round wind speeds",
                    "helper": "Round wind speeds to the nearest whole number"
                },
                "ignorelacrosseclock": {
                    "rightLabel": "Ignore LaCrosse clock",
                    "helper": "Use computer clock instead of LaCrosse station clock for archive data"
                },
                "extrasensors": {
                    "rightLabel": "Extra sensors",
                    "helper": "Display and log extra sensors, if fitted"
                },
                "synchroniseforeads": {
                    "rightLabel": "Synchronise Fine Offset reads",
                    "helper": "Work around for Fine Offset console USB lockup problem"
                },
                "debuglogging": {
                    "rightLabel": "Debug logging",
                    "helper": "Enable extra diagnostic logging to the MX diags files. Changing setting here affects current session only"
                },
                "datalogging": {
                    "rightLabel": "Data logging",
                    "helper": "Enable diagnostic logging to the MX diags files of data transfers from the station. Changing setting here affects current session only"
                },
                "stopsecondinstance": {
                    "rightLabel": "Stop second instance",
                    "helper": "Prevent multiple instances of Cumulus running. This setting requires a restart to take effect"
                },
                "readreceptionstats": {
                    "rightLabel": "Read Davis reception stats",
                    "helper": "Read Davis reception stats to provide values for corresponding web tags"
                }
            }
        },
        "Forecast": {
            "collapsed": true,
            "fields": {
                "usecumulusforecast": {
                    "rightLabel": "Use Cumulus forecast",
                    "helper": "Use the Zambretti forecast generated by Cumulus"
                },
                "updatehourly": {
                    "rightLabel": "Update forecast hourly",
                    "helper": "If using the Cumulus forecast, update only once an hour"
                },
                "lowpressureextreme": {
                    "helper": "The low pressure extreme for your location"
                },
                "highpressureextreme": {
                    "helper": "The high pressure extreme for your location"
                },
                "pressureunit": {
                    "removeDefaultNone": true,
                    "helper": "The units that you have used for the pressure extremes"
                }
            }
        },
        "Solar": {
            "collapsed": true,
            "helper": "Settings used for determining hours of sunshine",
            "fields": {
                "solarcalc": {
                    "optionLabels": [
                        "Ryan-Stolzenbach",
                        "Bras"
                    ],
                    "removeDefaultNone": true,
                    "helper": "  Select the algorithm to use for solar irradiation calculations"
                },
                "sunthreshold": {
                    "helper": "The percentage of the current theoretical solar value above which the sun should be considered to be shining (default = 75)"
                },
                "solarmin": {
                    "helper": "The minimum solar reading for the sun to be considered to be shining (default = 0)"
                },
                "transfactor": {
                    "helper": "The R-S transmission factor of the solar radiation through the atmosphere (0.70 - 0.91, default 0.80)"
                },
                "turbidity": {
                    "helper": "The Bras turbidity factor (1.00=clear, 5.00=smoggy, default = 2.00)"
                },
                "useblakelarsen": {
                    "rightLabel": "Use a Blake-Larsen sun recorder",
                    "helper": "Use an attached Blake-Larsen sun recorder to determine hours of sunshine"
                }
            }
        },
        "AnnualRainfall": {
            "collapsed": true,
            "fields": {
                "ytdamount": {
                    "helper": "Enter a rainfall amount to be added to the total for the year when you started using Cumulus - for the period for which you have no Cumulus data"
                },
                "rainseasonstart": {
                    "helper": "Select the month from which the annual total is to be calculated",
                    "removeDefaultNone": true,
                    "optionLabels": [
                        "January",
                        "February",
                        "March",
                        "April",
                        "May",
                        "June",
                        "July",
                        "August",
                        "September",
                        "October",
                        "November",
                        "December"
                    ]
                }
            }
        },
        "Graphs": {
            "collapsed": true,
            "fields": {
                "graphhours": {
                    "helper": "The number of hours shown on the minute-by-minute graphs"
                },
                "graphdays": {
                    "helper": "The number of days shown on the daily graphs"
                }
            }
        }
    }
}
