﻿{
    "type": "object",
    "properties": {
        "stationtype": {
            "title": "Station type",
            "enum": [
                -1,
                0,
                1,
                2,
                3,
                4,
                5,
                6,
                7,
                8,
                9,
                10,
                11,
                12
            ]
        },
        "units": {
            "title": "Units",
            "type": "object",
            "properties": {
                "wind": {
                    "title": "Wind",
                    "enum": [
                        0,
                        1,
                        2,
                        3
                    ]
                },
                "pressure": {
                    "title": "Pressure",
                    "enum": [
                        0,
                        1,
                        2
                    ]
                },
                "temp": {
                    "title": "Temperature",
                    "enum": [
                        0,
                        1
                    ]
                },
                "rain": {
                    "title": "Rain",
                    "enum": [
                        0,
                        1
                    ]
                }
            }
        },
        "davisconn": {
            "title": "Davis connection",
            "type": "object",
            "properties": {
                "conntype": {
                    "title": "Type",
                    "enum": [
                        0,
                        2
                    ]
                },
                "tcpsettings": {
                    "title": "TCP/IP settings",
                    "type": "object",
                    "properties": {
                        "ipaddress": {
                            "title": "IP address"
                        },
                        "tcpport": {
                            "title": "TCP port",
                            "type": "integer",
                            "minimum": 0
                        },
                        "disconperiod": {
                            "title": "Disconnect period",
                            "type": "integer",
                            "minimum": 0
                        }
                    }
                }
            }
        },
        "comportname": {
            "title": "Serial port name"
        },
        "daviswll": {
            "title": "Davis WeatherLink Live",
            "type": "object",
            "properties": {
                "network": {
                    "title": "Network Settings",
                    "type": "object",
                    "properties": {
                        "autoDiscover": {
                            "title": "Set a manual IP address in the TCP/IP settings section above",
                            "type": "boolean"
                        }
                    }
                },
                "api": {
                    "title": "WeatherLink.com API details",
                    "type": "object",
                    "properties": {
                        "apiKey": {
                            "title": "WeatherLink APIv2 key"
                        },
                        "apiSecret": {
                            "title": "WeatherLink APIv2 secret"
                        },
                        "apiStationId": {
                            "title": "WLL device id on WeatherLink APIv2",
                            "type": "integer"
                        }
                    }
                },
                "primary": {
                    "title": "Primary Sensors",
                    "type": "object",
                    "properties": {
                        "wind": {
                            "title": "Wind sensor Transmitter ID",
                            "type": "select",
                            "enum": [1,2,3,4,5,6,7,8]
                        },
                        "temphum": {
                            "title": "Temperature/Humidity Transmitter ID",
                            "type": "select",
                            "enum": [1,2,3,4,5,6,7,8]
                        },
                        "rain": {
                            "title": "Rain sensor Transmitter ID",
                            "type": "select",
                            "enum": [1,2,3,4,5,6,7,8]
                        },
                        "solar": {
                            "title": "Solar sensor Transmitter ID",
                            "type": "select",
                            "enum": [0,1,2,3,4,5,6,7,8]
                        },
                        "uv": {
                            "title": "UV sensor Transmitter ID",
                            "type": "select",
                            "enum": [0,1,2,3,4,5,6,7,8]
                        }
                    }
                },
                "soilLeaf": {
                    "title": "Extra Soil/Leaf Sensors (6345)",
                    "type": "object",
                    "properties": {
                        "extraSoilTemp": {
                            "title": "Extra Soil Temperature Sensors",
                            "type": "object",
                            "properties": {
                                "soilTempTx1": {
                                    "title": "Extra Soil Temperature sensor #1 Transmitter ID",
                                    "type": "select",
                                    "enum": [0,1,2,3,4,5,6,7,8]
                                },
                                "soilTempIdx1": {
                                    "title": "Extra Soil Temperature sensor #1 Index",
                                    "type": "select",
                                    "enum": [1,2,3,4]
                                },
                                "soilTempTx2": {
                                    "title": "Extra Soil Temperature sensor #2 Transmitter ID",
                                    "type": "select",
                                    "enum": [0,1,2,3,4,5,6,7,8]
                                },
                                "soilTempIdx2": {
                                    "title": "Extra Soil Temperature sensor #2 Index",
                                    "type": "select",
                                    "enum": [1,2,3,4]
                                },
                                "soilTempTx3": {
                                    "title": "Extra Soil Temperature sensor #3 Transmitter ID",
                                    "type": "select",
                                    "enum": [0,1,2,3,4,5,6,7,8]
                                },
                                "soilTempIdx3": {
                                    "title": "Extra Soil Temperature sensor #3 Index",
                                    "type": "select",
                                    "enum": [1,2,3,4]
                                },
                                "soilTempTx4": {
                                    "title": "Extra Soil Temperature sensor #4 Transmitter ID",
                                    "type": "select",
                                    "enum": [0,1,2,3,4,5,6,7,8]
                                },
                                "soilTempIdx4": {
                                    "title": "Extra Soil Temperature sensor #4 Index",
                                    "type": "select",
                                    "enum": [1,2,3,4]
                                }
                            }
                        },
                        "extraSoilMoist": {
                            "title": "Extra Soil Moisture Sensors",
                            "type": "object",
                            "properties": {
                                "soilMoistTx1": {
                                    "title": "Extra Soil Moisture sensor #1 Transmitter ID",
                                    "type": "select",
                                    "enum": [0,1,2,3,4,5,6,7,8]
                                },
                                "soilMoistIdx1": {
                                    "title": "Extra Soil Moisture sensor #1 Index",
                                    "type": "select",
                                    "enum": [1,2,3,4]
                                },
                                "soilMoistTx2": {
                                    "title": "Extra Soil Moisture sensor #2 Transmitter ID",
                                    "type": "select",
                                    "enum": [0,1,2,3,4,5,6,7,8]
                                },
                                "soilMoistIdx2": {
                                    "title": "Extra Soil Moisture sensor #2 Index",
                                    "type": "select",
                                    "enum": [1,2,3,4]
                                },
                                "soilMoistTx3": {
                                    "title": "Extra Soil Moisture sensor #3 Transmitter ID",
                                    "type": "select",
                                    "enum": [0,1,2,3,4,5,6,7,8]
                                },
                                "soilMoistIdx3": {
                                    "title": "Extra Soil Moisture sensor #3 Index",
                                    "type": "select",
                                    "enum": [1,2,3,4]
                                },
                                "soilMoistTx4": {
                                    "title": "Extra Soil Moisture sensor #4 Transmitter ID",
                                    "type": "select",
                                    "enum": [0,1,2,3,4,5,6,7,8]
                                },
                                "soilMoistIdx4": {
                                    "title": "Extra Soil Moisture sensor #4 Index",
                                    "type": "select",
                                    "enum": [1,2,3,4]
                                }
                            }
                        },
                        "extraLeaf": {
                            "title": "Extra Leaf Wetness Sensors",
                            "type": "object",
                            "properties": {
                                "leafTx1": {
                                    "title": "Extra Leaf sensor #1 Transmitter ID",
                                    "type": "select",
                                    "enum": [0,1,2,3,4,5,6,7,8]
                                },
                                "leafIdx1": {
                                    "title": "Extra Leaf sensor #1 Index",
                                    "type": "select",
                                    "enum": [1,2]
                                },
                                "leafTx2": {
                                    "title": "Extra Leaf sensor #2 Transmitter ID",
                                    "type": "select",
                                    "enum": [0,1,2,3,4,5,6,7,8]
                                },
                                "leafIdx2": {
                                    "title": "Extra Leaf sensor #2 Index",
                                    "type": "select",
                                    "enum": [1,2]
                                }
                            }
                        }
                    }
                },
                "extraTemp": {
                    "title": "Extra Temperature (Temp/Humidity) Sensors",
                    "type": "object",
                    "properties": {
                        "extraTempTx1": {
                            "title": "Extra Temperature Sensor #1 Transmitter ID",
                            "type": "select",
                            "enum": [0,1,2,3,4,5,6,7,8]
                        },
                        "extraHumTx1": {
                            "title": "Humidty sensor",
                            "type": "boolean"
                        },
                        "extraTempTx2": {
                            "title": "Extra Temperature Sensor #2 Transmitter ID",
                            "type": "select",
                            "enum": [0,1,2,3,4,5,6,7,8]
                        },
                        "extraHumTx2": {
                            "title": "Humidty sensor",
                            "type": "boolean"
                        },
                        "extraTempTx3": {
                            "title": "Extra Temperature Sensor #3 Transmitter ID",
                            "type": "select",
                            "enum": [0,1,2,3,4,5,6,7,8]
                        },
                        "extraHumTx3": {
                            "title": "Humidty sensor",
                            "type": "boolean"
                        },
                        "extraTempTx4": {
                            "title": "Extra Temperature Sensor #4 Transmitter ID",
                            "type": "select",
                            "enum": [0,1,2,3,4,5,6,7,8]
                        },
                        "extraHumTx4": {
                            "title": "Humidty sensor",
                            "type": "boolean"
                        },
                        "extraTempTx5": {
                            "title": "Extra Temperature Sensor #5 Transmitter ID",
                            "type": "select",
                            "enum": [0,1,2,3,4,5,6,7,8]
                        },
                        "extraHumTx5": {
                            "title": "Humidty sensor",
                            "type": "boolean"
                        },
                        "extraTempTx6": {
                            "title": "Extra Temperature Sensor #6 Transmitter ID",
                            "type": "select",
                            "enum": [0,1,2,3,4,5,6,7,8]
                        },
                        "extraHumTx6": {
                            "title": "Humidty sensor",
                            "type": "boolean"
                        },
                        "extraTempTx7": {
                            "title": "Extra Temperature Sensor #7 Transmitter ID",
                            "type": "select",
                            "enum": [0,1,2,3,4,5,6,7,8]
                        },
                        "extraHumTx7": {
                            "title": "Humidty sensor",
                            "type": "boolean"
                        },
                        "extraTempTx8": {
                            "title": "Extra Temperature Sensor #8 Transmitter ID",
                            "type": "select",
                            "enum": [0,1,2,3,4,5,6,7,8]
                        },
                        "extraHumTx8": {
                            "title": "Humidty sensor",
                            "type": "boolean"
                        }
                    }
                }
            }
        },
        "gw1000": {
            "title": "Ecowitt GW1000 Settings",
            "type": "object",
            "properties": {
                "autoDiscover" : {
                    "type": "boolean"
                },
                "ipaddress": {
                    "title": "IP address"
                }
            }
        },
        "loginterval": {
            "title": "Log interval",
            "enum": [
                0,
                1,
                2,
                3,
                4,
                5
            ]
        },
        "logrollover": {
            "title": "Log Rollover",
            "type": "object",
            "properties": {
                "time": {
                    "title": "Time",
                    "enum": [
                        "9am",
                        "midnight"
                    ]
                },
                "summer10am": {
                    "title": "",
                    "type": "boolean",
                    "dependencies": "time"
                }
            }
        },
        "Location": {
            "title": "Location",
            "type": "object",
            "properties": {
                "Latitude": {
                    "title": "Latitude",
                    "type": "object",
                    "properties": {
                        "degrees": {
                            "title": "Degrees",
                            "type": "integer",
                            "minimum": 0,
                            "maximum": 90
                        },
                        "minutes": {
                            "title": "Minutes",
                            "type": "integer",
                            "minimum": 0,
                            "maximum": 59
                        },
                        "seconds": {
                            "title": "Seconds",
                            "type": "integer",
                            "minimum": 0,
                            "maximum": 59
                        },
                        "hemisphere": {
                            "title": "Hemisphere",
                            "enum": [
                                "North",
                                "South"
                            ],
                            "required": true
                        }
                    }
                },
                "Longitude": {
                    "title": "Longitude",
                    "type": "object",
                    "properties": {
                        "degrees": {
                            "title": "Degrees",
                            "type": "integer",
                            "minimum": 0,
                            "maximum": 180
                        },
                        "minutes": {
                            "title": "Minutes",
                            "type": "integer",
                            "minimum": 0,
                            "maximum": 59
                        },
                        "seconds": {
                            "title": "Seconds",
                            "type": "integer",
                            "minimum": 0,
                            "maximum": 59
                        },
                        "hemisphere": {
                            "title": "Hemisphere",
                            "type": "string",
                            "enum": [
                                "East",
                                "West"
                            ],
                            "required": true
                        }
                    }
                },
                "altitude": {
                    "title": "Altitude",
                    "type": "integer"
                },
                "altitudeunit": {
                    "title": "Altitude units",
                    "type": "string",
                    "enum": [
                        "feet",
                        "metres"
                    ],
                    "required": true
                },
                "sitename": {
                    "title": "Name"
                },
                "description": {
                    "title": "Description"
                }
            }
        },
        "Options": {
            "title": "Options",
            "type": "object",
            "properties": {
                "usezerobearing": {
                    "type": "boolean"
                },
                "calcwindaverage": {
                    "type": "boolean"
                },
                "usespeedforavg": {
                    "type": "boolean"
                },
                "use100for98hum": {
                    "type": "boolean"
                },
                "calculatedewpoint": {
                    "type": "boolean"
                },
                "calculatewindchill": {
                    "type": "boolean"
                },
                "syncstationclock": {
                    "type": "boolean"
                },
                "cumuluspresstrendnames": {
                    "type": "boolean"
                },
                "vp1minbarupdate": {
                    "type": "boolean"
                },
                "roundwindspeeds": {
                    "type": "boolean"
                },
                "ignorelacrosseclock": {
                    "type": "boolean"
                },
                "extrasensors": {
                    "type": "boolean"
                },
                "synchroniseforeads": {
                    "type": "boolean"
                },
                "debuglogging": {
                    "type": "boolean"
                },
                "datalogging": {
                    "type": "boolean"
                },
                "stopsecondinstance": {
                    "type": "boolean"
                },
                "readreceptionstats": {
                    "type": "boolean"
                }
            }
        },
        "Forecast": {
            "title": "Forecast",
            "type": "object",
            "properties": {
                "usecumulusforecast": {
                    "type": "boolean"
                },
                "updatehourly": {
                    "type": "boolean"
                },
                "lowpressureextreme": {
                    "title": "Low pressure extreme",
                    "minimum": 0,
                    "type": "number"
                },
                "highpressureextreme": {
                    "title": "High pressure extreme",
                    "minimum": 0,
                    "type": "number"
                },
                "pressureunit": {
                    "title": "Pressure extreme units",
                    "enum": [
                        "mb/hPa",
                        "inHg"
                    ]
                }
            }
        },
        "Solar": {
            "title": "Solar",
            "type": "object",
            "properties": {
                "solarcalc": {
                    "title": "Solar calculation method",
                    "enum": [
                        0,
                        1
                    ]
                },
                "sunthreshold": {
                    "title": "Sun Threshold (percent)",
                    "type": "integer",
                    "minimum": 0,
                    "maximum": 100
                },
                "solarmin": {
                    "title": "Solar minimum (W/m2)",
                    "type": "integer",
                    "minimum": 0
                },
                "transfactor": {
                    "title": "RS Transmission factor",
                    "type": "number",
                    "minimum": 0,
                    "maximum": 1
                },
                "turbidity": {
                    "title": "Bras turbidity factor",
                    "type": "number",
                    "minimum": 0,
                    "maximum": 5
                },
                "useblakelarsen": {
                    "type": "boolean"
                }
            }
        },
        "AnnualRainfall": {
            "title": "Annual Rainfall",
            "type": "object",
            "properties": {
                "ytdamount": {
                    "title": "Year-to-date amount",
                    "type": "number",
                    "minimum": 0
                },
                "ytdyear": {
                    "title": "Year to which year-to-date amount applies",
                    "type": "integer"
                },
                "rainseasonstart": {
                    "title": "Start of rainfall season",
                    "type": "select",
                    "enum": [
                        1,
                        2,
                        3,
                        4,
                        5,
                        6,
                        7,
                        8,
                        9,
                        10,
                        11,
                        12
                    ]
                }
            }
        },
        "Graphs": {
            "title": "Graphs",
            "type": "object",
            "properties": {
                "graphhours": {
                    "title": "Graph hours",
                    "type": "number",
                    "minimum": 1
                },
                "graphdays": {
                    "title": "Graph days",
                    "type": "number",
                    "minimum": 1
                }
            }
        }
    }
}
